website.url,mainBusinessLine.descriptions
www.lival.com,Manufacture of electric lighting equipment
www.brandlux.fi,Manufacture of electric lighting equipment
www.soundcenter.fi,Manufacture of consumer electronics
www.valomainos.fi,Manufacture of electric lighting equipment
www.karlux.fi,Manufacture of electric lighting equipment
www.tekmala.fi,Manufacture of electric lighting equipment
www.cojot.com,Manufacture of communication equipment
www.nordicid.com,Manufacture of communication equipment
www.satel.com,Manufacture of communication equipment
www.ekolet.com,Manufacture of electric domestic appliances
www.atexor.com,Manufacture of electric lighting equipment
www.precisionaudio.fi,Manufacture of consumer electronics
www.warmos.fi,Manufacture of electric domestic appliances
www.puzer.fi,Manufacture of electric domestic appliances
www.savox.com,Manufacture of communication equipment
www.ascom.fi,Manufacture of communication equipment
www.deekaxair.fi,Manufacture of electric domestic appliances
www.junnuneon.fi,Manufacture of electric lighting equipment
www.mvcvidera.com,Manufacture of communication equipment
www.amphion.fi,Manufacture of consumer electronics
WWW.ARTEQUA.COM,Manufacture of electric lighting equipment
www.lakeva.com,Manufacture of electric domestic appliances
www.fosto.fi,Manufacture of electric lighting equipment
www.exilight.fi,Manufacture of electric lighting equipment
www.tunto.fi,Manufacture of electric lighting equipment
www.promarine.fi,Manufacture of communication equipment
www.avaya.fi,Manufacture of communication equipment
www.powerset.fi,Manufacture of consumer electronics
www.aicci.fi,Manufacture of electric lighting equipment
www.greenlux.com,Manufacture of electric lighting equipment
www.tsr-elsite.fi,Manufacture of electric lighting equipment
www.glowway.com,Manufacture of electric lighting equipment
www.completech.fi,Manufacture of communication equipment
www.danska.com,Manufacture of electric lighting equipment
www.valtavalo.fi,Manufacture of electric lighting equipment
www.kuvita.fi,Manufacture of communication equipment
http://www.corefactory.com,Manufacture of communication equipment
www.tribeflame.com,Manufacture of consumer electronics
www.9solutions.fi,Manufacture of communication equipment
www.kaskadi.fi,Manufacture of electric lighting equipment
www.lamppupalvelu.fi,Manufacture of electric lighting equipment
www.twigcom.com,Manufacture of communication equipment
www.aina-wireless.com,Manufacture of communication equipment
www.knl.fi,Manufacture of communication equipment
www.sandhillaudio.com,Manufacture of consumer electronics
www.uploudaudio.com,Manufacture of consumer electronics
www.dietatec.fi,Manufacture of electric domestic appliances
www.satavision.com,Manufacture of communication equipment
www.dnwpartners.com,Manufacture of communication equipment
www.kasvua.com,Manufacture of electric lighting equipment
www.blackeyelens.com,Manufacture of consumer electronics
www.tvvmarinelighting.com,Manufacture of electric lighting equipment
www.mirter.fi,Manufacture of electric lighting equipment
www.northnuance.fi,Manufacture of consumer electronics
www.air0.fi,Manufacture of electric domestic appliances
www.scopesensor.com,Manufacture of communication equipment
www.hardcoder.fi,Manufacture of consumer electronics
www.ledicon.fi,Manufacture of electric lighting equipment
www.lighting.philips.fi,Manufacture of electric lighting equipment
internetofsound.fi,Manufacture of consumer electronics
www.dispelix.com,Manufacture of consumer electronics
www.iledea.io,Manufacture of electric lighting equipment
www.saloradiotele.fi,Manufacture of communication equipment
sensoan.fi,Manufacture of communication equipment
www.vintageamps.fi,Manufacture of consumer electronics
www.cmicro.io,Manufacture of electric domestic appliances
www.artome.fi,Manufacture of consumer electronics
www.psvt.fi,Manufacture of electric lighting equipment
www.telavox.fi,Manufacture of communication equipment
www.suitsyoudesign.fi,Manufacture of consumer electronics
www.nykked.com,Manufacture of consumer electronics
www.audiospektri.com,Manufacture of consumer electronics
www.ledfuture.fi,Manufacture of electric lighting equipment
www.coinlinegames.com,Manufacture of consumer electronics
www.momante.com,Manufacture of communication equipment
www.anicare.fi,Manufacture of communication equipment
www.luxusilma.fi,Manufacture of electric domestic appliances
www.ilodental.com,Manufacture of electric domestic appliances
www.knifrauman.com,Manufacture of consumer electronics
www.lumous.fi,Manufacture of electric lighting equipment
www.castle-audio.com,Manufacture of consumer electronics
www.bht.fi,Manufacture of communication equipment
suomenkaiutintehdas.fi,Manufacture of consumer electronics
www.taipuuspeakers.fi,Manufacture of consumer electronics
www.scopelabs.eu,Manufacture of consumer electronics
https://3dgysoft.com/,Manufacture of consumer electronics
www.disccounter.eu,Manufacture of communication equipment
www.kaori.fi,Manufacture of consumer electronics
teknoware.com,Manufacture of electric lighting equipment
https://gameproofer.com,Manufacture of consumer electronics
www.otherwise.fi,Manufacture of electric lighting equipment
www.hopiaaudio.fi,Manufacture of consumer electronics
https://www.groundfrost.fi,Manufacture of communication equipment
www.htfgroup.fi,Manufacture of electric lighting equipment
aqlrobotics.ai,Manufacture of consumer electronics