website.url,mainBusinessLine.descriptions,name
www.lival.com,Manufacture of electric lighting equipment,Oy Lival Ab
www.brandlux.fi,Manufacture of electric lighting equipment,Neonteos Oy
www.valomainos.fi,Manufacture of electric lighting equipment,Valomainos Oy
www.karlux.fi,Manufacture of electric lighting equipment,Karlux Oy
www.tekmala.fi,Manufacture of electric lighting equipment,Tekmala Oy
www.atexor.com,Manufacture of electric lighting equipment,Atexor Oy
www.junnuneon.fi,Manufacture of electric lighting equipment,Junnu Neon Oy
WWW.ARTEQUA.COM,Manufacture of electric lighting equipment,ARTEQUA Oy
www.fosto.fi,Manufacture of electric lighting equipment,Fosto Oy
www.exilight.fi,Manufacture of electric lighting equipment,Exilight Oy
www.tunto.fi,Manufacture of electric lighting equipment,TUNTO Oy
www.aicci.fi,Manufacture of electric lighting equipment,Aicci Oy
www.greenlux.com,Manufacture of electric lighting equipment,Greenlux Lighting Solutions Oy
www.tsr-elsite.fi,Manufacture of electric lighting equipment,TSR-ELSITE Oy
www.glowway.com,Manufacture of electric lighting equipment,GlowWay Oy Ltd
www.danska.com,Manufacture of electric lighting equipment,DANSKA OY
www.valtavalo.fi,Manufacture of electric lighting equipment,Valtavalo Oy
www.kaskadi.fi,Manufacture of electric lighting equipment,Kaskadi avoinyhti√∂
www.lamppupalvelu.fi,Manufacture of electric lighting equipment,Savon Lamppupalvelu Oy
www.kasvua.com,Manufacture of electric lighting equipment,Kasvua Oy
www.tvvmarinelighting.com,Manufacture of electric lighting equipment,TVV Marine Lighting Oy
www.mirter.fi,Manufacture of electric lighting equipment,MirTer Oy
www.ledicon.fi,Manufacture of electric lighting equipment,Ledicon Finland Oy
www.lighting.philips.fi,Manufacture of electric lighting equipment,Signify Finland Oy
www.iledea.io,Manufacture of electric lighting equipment,Iledea Oy
www.psvt.fi,Manufacture of electric lighting equipment,KaNi Group Oy
www.ledfuture.fi,Manufacture of electric lighting equipment,Led Future Oy
www.lumous.fi,Manufacture of electric lighting equipment,Lumous lighting Oy
teknoware.com,Manufacture of electric lighting equipment,Teknoware Emergency Lighting Oy
www.otherwise.fi,Manufacture of electric lighting equipment,otherwise. Oy
www.htfgroup.fi,Manufacture of electric lighting equipment,HtF Industry Oy